{"frames":{"1":{"frame":{"x":366,"y":0,"w":182,"h":202},"rotated":false,"trimmed":false,"spriteSourceSize":{"x":0,"y":0,"w":182,"h":202},"sourceSize":{"w":182,"h":202}},"2":{"frame":{"x":366,"y":203,"w":182,"h":202},"rotated":false,"trimmed":false,"spriteSourceSize":{"x":0,"y":0,"w":182,"h":202},"sourceSize":{"w":182,"h":202}},"3":{"frame":{"x":0,"y":406,"w":182,"h":202},"rotated":false,"trimmed":false,"spriteSourceSize":{"x":0,"y":0,"w":182,"h":202},"sourceSize":{"w":182,"h":202}},"4":{"frame":{"x":183,"y":406,"w":182,"h":202},"rotated":false,"trimmed":false,"spriteSourceSize":{"x":0,"y":0,"w":182,"h":202},"sourceSize":{"w":182,"h":202}},"5":{"frame":{"x":0,"y":0,"w":182,"h":202},"rotated":false,"trimmed":false,"spriteSourceSize":{"x":0,"y":0,"w":182,"h":202},"sourceSize":{"w":182,"h":202}},"6":{"frame":{"x":183,"y":0,"w":182,"h":202},"rotated":false,"trimmed":false,"spriteSourceSize":{"x":0,"y":0,"w":182,"h":202},"sourceSize":{"w":182,"h":202}},"7":{"frame":{"x":0,"y":203,"w":182,"h":202},"rotated":false,"trimmed":false,"spriteSourceSize":{"x":0,"y":0,"w":182,"h":202},"sourceSize":{"w":182,"h":202}},"8":{"frame":{"x":183,"y":203,"w":182,"h":202},"rotated":false,"trimmed":false,"spriteSourceSize":{"x":0,"y":0,"w":182,"h":202},"sourceSize":{"w":182,"h":202}}},"meta":{"app":"https://www.leshylabs.com/apps/sstool/","version":"Leshy SpriteSheet Tool v0.8.4","image":"scorebar.png","size":{"w":548,"h":608},"scale":1}}