{"frames":{"space2":{"frame":{"x":0,"y":0,"w":2000,"h":1586},"rotated":false,"trimmed":false,"spriteSourceSize":{"x":0,"y":0,"w":2000,"h":1586},"sourceSize":{"w":2000,"h":1586}},"space5":{"frame":{"x":0,"y":1587,"w":2000,"h":1586},"rotated":false,"trimmed":false,"spriteSourceSize":{"x":0,"y":0,"w":2000,"h":1586},"sourceSize":{"w":2000,"h":1586}},"space4":{"frame":{"x":2001,"y":0,"w":2000,"h":1586},"rotated":false,"trimmed":false,"spriteSourceSize":{"x":0,"y":0,"w":2000,"h":1586},"sourceSize":{"w":2000,"h":1586}},"space1":{"frame":{"x":2001,"y":1587,"w":2000,"h":1586},"rotated":false,"trimmed":false,"spriteSourceSize":{"x":0,"y":0,"w":2000,"h":1586},"sourceSize":{"w":2000,"h":1586}},"space3":{"frame":{"x":0,"y":3174,"w":2000,"h":1586},"rotated":false,"trimmed":false,"spriteSourceSize":{"x":0,"y":0,"w":2000,"h":1586},"sourceSize":{"w":2000,"h":1586}}},"meta":{"app":"https://www.leshylabs.com/apps/sstool/","version":"Leshy SpriteSheet Tool v0.8.4","image":"space.png","size":{"w":4001,"h":4760},"scale":1}}