{"frames":{"pipecat3":{"frame":{"x":0,"y":0,"w":960,"h":761},"rotated":false,"trimmed":false,"spriteSourceSize":{"x":0,"y":0,"w":960,"h":761},"sourceSize":{"w":960,"h":761}},"pipecat1":{"frame":{"x":0,"y":762,"w":960,"h":761},"rotated":false,"trimmed":false,"spriteSourceSize":{"x":0,"y":0,"w":960,"h":761},"sourceSize":{"w":960,"h":761}},"pipecat2":{"frame":{"x":961,"y":0,"w":960,"h":761},"rotated":false,"trimmed":false,"spriteSourceSize":{"x":0,"y":0,"w":960,"h":761},"sourceSize":{"w":960,"h":761}}},"meta":{"app":"https://www.leshylabs.com/apps/sstool/","version":"Leshy SpriteSheet Tool v0.8.4","image":"pipecat.png","size":{"w":1921,"h":1523},"scale":1}}