{"frames":{"1":{"frame":{"x":1922,"y":0,"w":960,"h":761},"rotated":false,"trimmed":false,"spriteSourceSize":{"x":0,"y":0,"w":960,"h":761},"sourceSize":{"w":960,"h":761}},"2":{"frame":{"x":1922,"y":762,"w":960,"h":761},"rotated":false,"trimmed":false,"spriteSourceSize":{"x":0,"y":0,"w":960,"h":761},"sourceSize":{"w":960,"h":761}},"3":{"frame":{"x":1922,"y":1524,"w":960,"h":761},"rotated":false,"trimmed":false,"spriteSourceSize":{"x":0,"y":0,"w":960,"h":761},"sourceSize":{"w":960,"h":761}},"4":{"frame":{"x":0,"y":2286,"w":960,"h":761},"rotated":false,"trimmed":false,"spriteSourceSize":{"x":0,"y":0,"w":960,"h":761},"sourceSize":{"w":960,"h":761}},"5":{"frame":{"x":0,"y":0,"w":960,"h":761},"rotated":false,"trimmed":false,"spriteSourceSize":{"x":0,"y":0,"w":960,"h":761},"sourceSize":{"w":960,"h":761}},"6":{"frame":{"x":0,"y":762,"w":960,"h":761},"rotated":false,"trimmed":false,"spriteSourceSize":{"x":0,"y":0,"w":960,"h":761},"sourceSize":{"w":960,"h":761}},"7":{"frame":{"x":961,"y":0,"w":960,"h":761},"rotated":false,"trimmed":false,"spriteSourceSize":{"x":0,"y":0,"w":960,"h":761},"sourceSize":{"w":960,"h":761}},"8":{"frame":{"x":961,"y":762,"w":960,"h":761},"rotated":false,"trimmed":false,"spriteSourceSize":{"x":0,"y":0,"w":960,"h":761},"sourceSize":{"w":960,"h":761}},"9":{"frame":{"x":0,"y":1524,"w":960,"h":761},"rotated":false,"trimmed":false,"spriteSourceSize":{"x":0,"y":0,"w":960,"h":761},"sourceSize":{"w":960,"h":761}},"10":{"frame":{"x":961,"y":1524,"w":960,"h":761},"rotated":false,"trimmed":false,"spriteSourceSize":{"x":0,"y":0,"w":960,"h":761},"sourceSize":{"w":960,"h":761}}},"meta":{"app":"https://www.leshylabs.com/apps/sstool/","version":"Leshy SpriteSheet Tool v0.8.4","image":"scorebar.png","size":{"w":2882,"h":3047},"scale":1}}