{"frames":{"step5":{"frame":{"x":0,"y":0,"w":960,"h":761},"rotated":false,"trimmed":false,"spriteSourceSize":{"x":0,"y":0,"w":960,"h":761},"sourceSize":{"w":960,"h":761}},"step1":{"frame":{"x":0,"y":762,"w":960,"h":761},"rotated":false,"trimmed":false,"spriteSourceSize":{"x":0,"y":0,"w":960,"h":761},"sourceSize":{"w":960,"h":761}},"step3":{"frame":{"x":961,"y":0,"w":960,"h":761},"rotated":false,"trimmed":false,"spriteSourceSize":{"x":0,"y":0,"w":960,"h":761},"sourceSize":{"w":960,"h":761}},"step4":{"frame":{"x":961,"y":762,"w":960,"h":761},"rotated":false,"trimmed":false,"spriteSourceSize":{"x":0,"y":0,"w":960,"h":761},"sourceSize":{"w":960,"h":761}},"step2":{"frame":{"x":0,"y":1524,"w":960,"h":761},"rotated":false,"trimmed":false,"spriteSourceSize":{"x":0,"y":0,"w":960,"h":761},"sourceSize":{"w":960,"h":761}},"step6":{"frame":{"x":961,"y":1524,"w":960,"h":761},"rotated":false,"trimmed":false,"spriteSourceSize":{"x":0,"y":0,"w":960,"h":761},"sourceSize":{"w":960,"h":761}},"step7":{"frame":{"x":1922,"y":0,"w":960,"h":761},"rotated":false,"trimmed":false,"spriteSourceSize":{"x":0,"y":0,"w":960,"h":761},"sourceSize":{"w":960,"h":761}}},"meta":{"app":"https://www.leshylabs.com/apps/sstool/","version":"Leshy SpriteSheet Tool v0.8.4","image":"stairStep.png","size":{"w":2882,"h":2285},"scale":1}}